{"cameraMode":{"drawMode":0,"name":"Shaded","section":"Shading Mode"},"sceneLighting":false,"audioPlay":false,"sceneViewState":{"m_AlwaysRefresh":false,"showFog":true,"showSkybox":false,"showFlares":true,"showImageEffects":true,"showParticleSystems":true,"showVisualEffectGraphs":true,"m_FxEnabled":true},"in2DMode":false,"pivot":{"x":-20.98656463623047,"y":1.116875171661377,"z":-9.210296630859375},"rotation":{"x":0.011985920369625092,"y":-0.04797815904021263,"z":0.0005757698672823608,"w":0.998776912689209},"size":2.8887789249420168,"orthographic":false}